{"acc": 0.8433659046355853, "loss": 0.25108516082843924, "_timestamp": 1680372950.6641262, "_runtime": 1.209895133972168, "_step": 7, "_wandb": {"runtime": 0}}